ID	Status	Phase	Target	Class
NCT00005992	Unknown status	1	FOLH1	ADC
NCT00009750	Unknown status	1	MUC1	RPT
NCT00009763	Unknown status	1	MUC1	RPT
NCT00043212	Withdrawn	3	FOLH1	ADC
NCT00065429	Completed	2	NCAM1	ADC
NCT00089245	Active, not recruiting	1	CD276	RPT
NCT00189345	Completed	2	EPCAM	BiTE
NCT00326885	Completed	2	EPCAM	BiTE
NCT00352833	Completed	2	EPCAM	BiTE
NCT00412828	Completed	2	GPNMB	ADC
NCT00464893	Completed	2	EPCAM	BiTE
NCT00509769	Completed	2	ERBB2	ADC
NCT00538668	Completed	1	FOLH1	RPT
NCT00563836	Completed	2	EPCAM	BiTE
NCT00635596	Completed	1	EPCAM	BiTE
NCT00673829	Suspended	1	CEACAM5	CAR-T
NCT00679211	Completed	2	ERBB2	ADC
NCT00679341	Completed	2	ERBB2	ADC
NCT00704158	Completed	2	GPNMB	ADC
NCT00738452	Completed	1	CEACAM5	RPT
NCT00781612	Recruiting	2	ERBB2	ADC
NCT00829166	Completed	3	ERBB2	ADC
NCT00836654	Completed	3	EPCAM	BiTE
NCT00859781	Active, not recruiting	2	FOLH1	RPT
NCT00860860	Completed	1	CEACAM5	RPT
NCT00875979	Completed	2	ERBB2	ADC
NCT00928330	Completed	1	ERBB2	ADC
NCT00932373	Completed	1	ERBB2	ADC
NCT00934856	Completed	2	ERBB2	ADC
NCT00943670	Completed	2	ERBB2	ADC
NCT00951665	Completed	2	ERBB2	ADC
NCT00967577	Completed	1	FOLH1	RPT
NCT01015911	Completed	1	CD70	ADC
NCT01042379	Recruiting	2	ERBB2	ADC
NCT01065246	Completed	2	EPCAM	BiTE
NCT01099644	Terminated	1	CD276	RPT
NCT01120184	Completed	3	ERBB2	ADC
NCT01156753	Completed	2	GPNMB	ADC
NCT01156870	Completed	1	CA6	ADC
NCT01166490	Completed	1	SLC44A4	ADC
NCT01196052	Completed	2	ERBB2	ADC
NCT01205022	Completed	1	CEACAM5	RPT
NCT01221675	Completed	2	CEACAM5	RPT
NCT01240720	Completed	2	TNC	RPT
NCT01246440	Completed	2	EPCAM	BiTE
NCT01270698	Completed	1	CEACAM5	ADC
NCT01273402	Withdrawn	1	CEACAM5	RPT
NCT01284231	Completed	1	CEACAM5	BiTE
NCT01320683	Terminated	2	CEACAM5	RPT
NCT01355965	Completed	1	MSLN	CAR-T
NCT01384253	Completed	1	ERBB2	RPT
NCT01414283	Completed	1	FOLH1	ADC
NCT01414296	Completed	1	FOLH1	ADC
NCT01419197	Completed	3	ERBB2	ADC
NCT01439152	Completed	1	MSLN	ADC
NCT01461538	Completed	2	TNFRSF8	ADC
NCT01475006	Completed	1	EGFR	ADC
NCT01494662	Active, not recruiting	2	ERBB2	ADC
NCT01497821	Completed	1	CD70	ADC
NCT01504256	Completed	2	EPCAM	BiTE
NCT01513083	Completed	1	ERBB2	ADC
NCT01565200	Active, not recruiting	2	ERBB2	ADC
NCT01577758	Completed	1	GUCY2C	ADC
NCT01605318	Withdrawn	2	CEACAM5	ADC
NCT01609556	Completed	1	FOLR1	ADC
NCT01631552	Completed	2	TACSTD2	ADC
NCT01641939	Terminated	3	ERBB2	ADC
NCT01672775	Completed	1	ENPP3	ADC
NCT01677390	Terminated	1	CD70	ADC
NCT01695044	Completed	2	FOLH1	ADC
NCT01702558	Terminated	2	ERBB2	ADC
NCT01702571	Completed	3	ERBB2	ADC
NCT01723475	Completed	1	FOLH1	BiTE
NCT01741727	Completed	1	EGFR	ADC
NCT01745965	Active, not recruiting	2	ERBB2	ADC
NCT01772472	Active, not recruiting	3	ERBB2	ADC
NCT01800695	Completed	1	EGFR	ADC
NCT01815528	Completed	2	EPCAM	BiTE
NCT01816035	Completed	1	ERBB2	ADC
NCT01835236	Completed	2	ERBB2	ADC
NCT01837602	Completed	1	MET	CAR-T
NCT01851200	Completed	2	TNFRSF8	ADC
NCT01853748	Active, not recruiting	2	ERBB2	ADC
NCT01856933	Completed	2	FOLH1	ADC
NCT01897415	Completed	1	MSLN	CAR-T
NCT01901653	Completed	2	DLL3	ADC
NCT01915472	Withdrawn	2	CEACAM5	ADC
NCT01963715	Terminated	1	EGFR	ADC
NCT01966471	Completed	3	ERBB2	ADC
NCT01969643	Completed	1	SLC39A6	ADC
NCT01975142	Completed	2	ERBB2	ADC
NCT01976169	Completed	1	ERBB2	ADC
NCT01983501	Completed	1	ERBB2	ADC
NCT01997333	Completed	2	GPNMB	ADC
NCT02001623	Completed	2	F3	ADC
NCT02020135	Completed	2	FOLH1	ADC
NCT02038010	Completed	1	ERBB2	ADC
NCT02073487	Completed	2	ERBB2	ADC
NCT02073916	Completed	1	ERBB2	ADC
NCT02078752	Terminated	1	EFNA4	ADC
NCT02091999	Completed	1	NECTIN4	ADC
NCT02099058	Active, not recruiting	1	MET	ADC
NCT02111850	Completed	2	MAGEA3	CAR-T
NCT02131064	Completed	3	ERBB2	ADC
NCT02135159	Completed	1	ERBB2	ADC
NCT02144012	Terminated	3	ERBB2	ADC
NCT02159716	Completed	1	MSLN	CAR-T
NCT02161679	Withdrawn	2	TACSTD2	ADC
NCT02213744	Terminated	3	ERBB2	ADC
NCT02216890	Completed	1	CD70	ADC
NCT02221505	Terminated	1	KIT	ADC
NCT02236000	Completed	2	ERBB2	ADC
NCT02248805	Completed	1	GPA33	BiTE
NCT02262910	Completed	1	FOLH1	BiTE
NCT02277717	Completed	1	ERBB2	ADC
NCT02289833	Completed	2	ERBB2	ADC
NCT02291614	Terminated	1	CEACAM5	BiTE
NCT02300922	Terminated	2	CEACAM5	RPT
NCT02302339	Terminated	2	GPNMB	ADC
NCT02314481	Active, not recruiting	2	ERBB2	ADC
NCT02318901	Terminated	2	ERBB2	ADC
NCT02324257	Completed	1	CEACAM5	BiTE
NCT02326974	Active, not recruiting	2	ERBB2	ADC
NCT02341625	Terminated	2	MSLN	ADC
NCT02343406	Completed	2	EGFR	ADC
NCT02363283	Completed	2	GPNMB	ADC
NCT02390427	Active, not recruiting	1	ERBB2	ADC
NCT02414269	Active, not recruiting	2	MSLN	CAR-T
NCT02448420	Active, not recruiting	2	ERBB2	ADC
NCT02452554	Completed	2	NCAM1	ADC
NCT02465060	Active, not recruiting	2	ERBB2	ADC
NCT02485119	Completed	1	MSLN	ADC
NCT02487979	Completed	2	GPNMB	ADC
NCT02498912	Active, not recruiting	1	MUC16	CAR-T
NCT02512237	Terminated	1	ERBB2	ADC
NCT02529553	Completed	1	FGFR3	ADC
NCT02541370	Completed	2	PROM1	CAR-T
NCT02552121	Completed	2	F3	ADC
NCT02562378	Completed	1	ERBB2	ADC
NCT02564900	Active, not recruiting	1	ERBB2	ADC
NCT02565758	Completed	1	LRRC15	ADC
NCT02568839	Active, not recruiting	3	ERBB2	ADC
NCT02573324	Completed	3	EGFR	ADC
NCT02574455	Completed	3	TACSTD2	ADC
NCT02580747	Unknown status	1	MSLN	CAR-T
NCT02587689	Unknown status	2	MUC1	CAR-T
NCT02590263	Completed	2	EGFR	ADC
NCT02602067	Terminated	1	TNC	RPT
NCT02605915	Completed	1	ERBB2	ADC
NCT02606305	Completed	2	FOLR1	ADC
NCT02610140	Completed	2	MSLN	ADC
NCT02617134	Unknown status	2	MUC1	CAR-T
NCT02620865	Completed	2	EGFR	BiTE
NCT02631876	Completed	3	FOLR1	ADC
NCT02639091	Completed	1	MSLN	ADC
NCT02639182	Completed	2	ENPP3	ADC
NCT02650713	Completed	1	CEACAM5	BiTE
NCT02657343	Completed	2	ERBB2	ADC
NCT02658084	Terminated	2	ERBB2	ADC
NCT02658734	Completed	4	ERBB2	ADC
NCT02674568	Completed	2	DLL3	ADC
NCT02675829	Recruiting	2	ERBB2	ADC
NCT02689219	Terminated	2	TNFRSF8	ADC
NCT02696642	Completed	1	MSLN	ADC
NCT02706392	Terminated	1	ROR1	CAR-T
NCT02709889	Terminated	2	DLL3	ADC
NCT02713828	Terminated	2	GPNMB	ADC
NCT02725541	Withdrawn	2	ERBB2	ADC
NCT02744287	Suspended	2	PSCA	CAR-T
NCT02751918	Completed	1	MSLN	ADC
NCT02780011	Withdrawn	1	TNFRSF8	ADC
NCT02792114	Active, not recruiting	1	MSLN	CAR-T
NCT02819999	Terminated	1	DLL3	ADC
NCT02824042	Completed	1	MSLN	ADC
NCT02830724	Recruiting	2	CD70	CAR-T
NCT02833766	Terminated	2	EGFR	ADC
NCT02837991	Terminated	1	HAVCR1	ADC
NCT02839681	Terminated	2	MSLN	ADC
NCT02839954	Unknown status	2	MUC1	CAR-NK
NCT02874664	Completed	1	DLL3	ADC
NCT02915445	Active, not recruiting	1	EPCAM	CAR-T
NCT02924883	Completed	2	ERBB2	ADC
NCT02932956	Active, not recruiting	1	GPC3	CAR-T
NCT02947152	Terminated	1	CDH6	ADC
NCT02952729	Completed	1	ERBB2	ADC
NCT02980341	Completed	2	ERBB3	ADC
NCT02984683	Terminated	2	CA6	ADC
NCT02988817	Completed	2	AXL	ADC
NCT02988843	Terminated	2	TNFRSF8	ADC
NCT02996825	Active, not recruiting	1	FOLR1	ADC
NCT02999672	Completed	2	ERBB2	ADC
NCT03000257	Completed	1	DLL3	ADC
NCT03007030	Recruiting	2	TNFRSF8	ADC
NCT03023722	Completed	2	MSLN	ADC
NCT03026166	Terminated	2	DLL3	ADC
NCT03030001	Unknown status	2	MSLN	CAR-T
NCT03032107	Active, not recruiting	1	ERBB2	ADC
NCT03033511	Terminated	3	DLL3	ADC
NCT03042468	Active, not recruiting	2	FOLH1	RPT
NCT03045393	Withdrawn	1	FOLR1	ADC
NCT03060356	Terminated	1	MET	CAR-T
NCT03061812	Completed	3	DLL3	ADC
NCT03070990	Completed	1	NECTIN4	ADC
NCT03084939	Completed	3	ERBB2	ADC
NCT03086239	Completed	1	DLL3	ADC
NCT03102320	Completed	1	MSLN	ADC
NCT03106077	Completed	2	FOLR1	ADC
NCT03126630	Active, not recruiting	2	MSLN	ADC
NCT03146637	Unknown status	2	MUC1	BiTE
NCT03149549	Completed	2	ALCAM	ADC
NCT03153163	Completed	1	ERBB2	ADC
NCT03179007	Unknown status	2	MUC1	CAR-T
NCT03182803	Unknown status	2	MSLN	CAR-T
NCT03182816	Unknown status	2	EGFR	CAR-T
NCT03185468	Unknown status	2	FOLR1	CAR-T
NCT03190967	Terminated	2	ERBB2	ADC
NCT03203616	Withdrawn	2	ERBB2	ADC
NCT03219333	Completed	2	NECTIN4	ADC
NCT03225937	Unknown status	2	ERBB2	ADC
NCT03243331	Completed	1	PTK7	ADC
NCT03245736	Completed	2	F3	ADC
NCT03248492	Active, not recruiting	2	ERBB2	ADC
NCT03255070	Active, not recruiting	1	ERBB2	ADC
NCT03260491	Active, not recruiting	1	ERBB3	ADC
NCT03262935	Completed	3	ERBB2	ADC
NCT03269526	Active, not recruiting	2	EGFR	BiTE
NCT03272334	Recruiting	2	ERBB2	BiTE
NCT03276572	Completed	1	FOLH1	RPT
NCT03281824	Completed	1	ERBB2	ADC
NCT03288545	Active, not recruiting	2	NECTIN4	ADC
NCT03296696	Completed	1	EGFR	BiTE
NCT03310957	Active, not recruiting	2	SLC39A6	ADC
NCT03316638	Active, not recruiting	2	IGF1R	ADC
NCT03319628	Active, not recruiting	2	SLC34A2	ADC
NCT03319940	Recruiting	1	DLL3	BiTE
NCT03325816	Completed	2	SSTR2	RPT
NCT03326258	Withdrawn	2	GPNMB	ADC
NCT03329690	Completed	2	ERBB2	ADC
NCT03334487	Withdrawn	3	DLL3	ADC
NCT03334617	Active, not recruiting	2	ERBB2	ADC
NCT03337698	Recruiting	2	TACSTD2	ADC
NCT03344250	Active, not recruiting	1	EGFR	BiTE
NCT03356795	Unknown status	2	FOLH1	CAR-T
NCT03364348	Completed	1	ERBB2	ADC
NCT03366428	Completed	1	ERBB2	ADC
NCT03368196	Completed	1	ERBB2	ADC
NCT03383692	Completed	1	ERBB2	ADC
NCT03383978	Recruiting	1	ERBB2	CAR-NK
NCT03384940	Completed	2	ERBB2	ADC
NCT03386942	Completed	1	FOLR1	ADC
NCT03401385	Recruiting	1	TACSTD2	ADC
NCT03403725	Terminated	1	LY75	ADC
NCT03406858	Completed	2	ERBB2	BiTE
NCT03411915	Completed	1	SSTR2	BiTE
NCT03418558	Unknown status	2	ERBB2	ADC
NCT03419403	Terminated	3	EGFR	ADC
NCT03424005	Recruiting	2	TACSTD2	ADC
NCT03425279	Recruiting	2	AXL	ADC
NCT03429101	Terminated	1	ERBB2	ADC
NCT03438396	Completed	2	F3	ADC
NCT03448042	Recruiting	1	ERBB2	BiTE
NCT03449030	Terminated	1	GUCY2C	ADC
NCT03454750	Active, not recruiting	2	FOLH1	RPT
NCT03455556	Terminated	1	MSLN	ADC
NCT03473691	Withdrawn	1	GPNMB	ADC
NCT03474107	Active, not recruiting	3	NECTIN4	ADC
NCT03485209	Recruiting	2	F3	ADC
NCT03490838	Terminated	1	FOLH1	RPT
NCT03504488	Recruiting	2	ROR2	ADC
NCT03505710	Active, not recruiting	2	ERBB2	ADC
NCT03507452	Completed	1	MSLN	RPT
NCT03523572	Unknown status	1	ERBB2	ADC
NCT03523585	Active, not recruiting	3	ERBB2	ADC
NCT03529110	Active, not recruiting	3	ERBB2	ADC
NCT03530696	Completed	2	ERBB2	ADC
NCT03531632	Completed	2	GPA33	BiTE
NCT03539536	Active, not recruiting	2	MET	ADC
NCT03543358	Completed	2	DLL3	ADC
NCT03543813	Active, not recruiting	2	TFRC	ADC
NCT03545815	Unknown status	1	MSLN	CAR-T
NCT03547973	Recruiting	2	TACSTD2	ADC
NCT03552471	Active, not recruiting	1	FOLR1	ADC
NCT03564340	Recruiting	2	MUC16	BiTE
NCT03574753	Completed	2	MET	ADC
NCT03575819	Active, not recruiting	1	CD46	ADC
NCT03577028	Active, not recruiting	2	FOLH1	BiTE
NCT03585764	Recruiting	1	FOLR1	CAR-T
NCT03587311	Active, not recruiting	2	MSLN	ADC
NCT03587740	Active, not recruiting	2	ERBB2	ADC
NCT03602079	Completed	2	ERBB2	ADC
NCT03606174	Terminated	2	NECTIN4	ADC
NCT03615313	Unknown status	2	MSLN	CAR-T
NCT03621982	Terminated	1	ISG20	ADC
NCT03657043	Completed	2	F3	ADC
NCT03658447	Completed	2	FOLH1	RPT
NCT03692637	Unknown status	1	MSLN	CAR-NK
NCT03692663	Recruiting	1	FOLH1	CAR-NK
NCT03706326	Unknown status	2	MUC1	CAR-T
NCT03709082	Active, not recruiting	2	ERBB2	ADC
NCT03724747	Active, not recruiting	1	FOLH1	RPT
NCT03725761	Recruiting	2	TACSTD2	ADC
NCT03726879	Completed	3	ERBB2	ADC
NCT03729596	Terminated	2	CD276	ADC
NCT03734029	Active, not recruiting	3	ERBB2	ADC
NCT03740256	Recruiting	1	ERBB2	CAR-T
NCT03742102	Recruiting	2	ERBB2	ADC
NCT03746431	Recruiting	2	IGF1R	RPT
NCT03747965	Unknown status	1	MSLN	CAR-T
NCT03748186	Recruiting	1	FOLR1	ADC
NCT03780075	Recruiting	1	FOLH1	RPT
NCT03784599	Terminated	2	ERBB2	ADC
NCT03786081	Active, not recruiting	2	F3	ADC
NCT03792841	Completed	1	FOLH1	BiTE
NCT03805594	Active, not recruiting	1	FOLH1	RPT
NCT03816358	Active, not recruiting	1	MSLN	ADC
NCT03820063	Active, not recruiting	2	ERBB2	ADC
NCT03822871	Completed	1	FOLH1	RPT
NCT03832361	Recruiting	2	FOLR1	ADC
NCT03835819	Recruiting	2	FOLR1	ADC
NCT03836157	Withdrawn	2	FOLR1	ADC
NCT03856541	Completed	1	MET	ADC
NCT03859752	Suspended	1	MET	ADC
NCT03869190	Recruiting	2	NECTIN4	ADC
NCT03872206	Completed	2	MSLN	BiTE
NCT03872778	Recruiting	2	GRPR	RPT
NCT03874884	Recruiting	1	FOLH1	RPT
NCT03874897	Recruiting	1	CLDN18	CAR-T
NCT03894007	Terminated	2	ERBB2	ADC
NCT03901339	Completed	3	TACSTD2	ADC
NCT03913741	Completed	2	F3	ADC
NCT03924895	Recruiting	3	NECTIN4	ADC
NCT03926013	Completed	1	FOLH1	BiTE
NCT03926143	Terminated	2	MSLN	ADC
NCT03927573	Terminated	1	PSCA	BiTE
NCT03932565	Unknown status	1	NECTIN4	CAR-T
NCT03940820	Unknown status	2	ROBO1	CAR-NK
NCT03941457	Unknown status	2	ROBO1	CAR-NK
NCT03941626	Unknown status	2	EGFR	CAR-T
NCT03944772	Active, not recruiting	2	TACSTD2	ADC
NCT03960060	Unknown status	1	ROR2	CAR-T
NCT03964727	Active, not recruiting	2	TACSTD2	ADC
NCT03971409	Recruiting	2	TACSTD2	ADC
NCT03975647	Recruiting	3	ERBB2	ADC
NCT03992131	Terminated	2	TACSTD2	ADC
NCT03995706	Active, not recruiting	1	TACSTD2	ADC
NCT04014075	Active, not recruiting	2	ERBB2	ADC
NCT04025216	Terminated	1	MUC1	CAR-T
NCT04032704	Active, not recruiting	2	SLC39A6	ADC
NCT04039230	Recruiting	2	TACSTD2	ADC
NCT04042051	Terminated	1	ERBB2	ADC
NCT04042701	Recruiting	1	ERBB2	ADC
NCT04064359	Recruiting	1	LY75	ADC
NCT04073602	Completed	2	ERBB2	ADC
NCT04077021	Terminated	1	FOLH1	BiTE
NCT04083599	Recruiting	2	TNFRSF9	BiTE
NCT04104607	Recruiting	1	FOLH1	BiTE
NCT04106843	Withdrawn	2	SSTR2	RPT
NCT04132960	Active, not recruiting	2	ERBB2	ADC
NCT04146610	Unknown status	1	ERBB2	ADC
NCT04151186	Unknown status	1	EPCAM	CAR-T
NCT04151329	Unknown status	2	ERBB2	ADC
NCT04152499	Recruiting	2	TACSTD2	ADC
NCT04158947	Recruiting	2	ERBB2	ADC
NCT04171141	Recruiting	1	GUCY2C	BiTE
NCT04175847	Recruiting	2	MSLN	ADC
NCT04185649	Unknown status	3	ERBB2	ADC
NCT04189211	Unknown status	1	ERBB2	ADC
NCT04189614	Active, not recruiting	1	PTK7	ADC
NCT04197687	Recruiting	2	ERBB2	ADC
NCT04202705	Completed	1	TPBG	ADC
NCT04205630	Completed	2	ERBB2	ADC
NCT04209855	Active, not recruiting	3	FOLR1	ADC
NCT04221542	Recruiting	1	STEAP1	BiTE
NCT04222114	Recruiting	3	EPCAM	BiTE
NCT04223856	Recruiting	3	NECTIN4	ADC
NCT04225117	Recruiting	2	NECTIN4	ADC
NCT04230109	Recruiting	2	TACSTD2	ADC
NCT04235101	Completed	1	ERBB2	ADC
NCT04251416	Recruiting	2	TACSTD2	ADC
NCT04260191	Completed	1	CLDN18	BiTE
NCT04264936	Unknown status	2	ERBB2	ADC
NCT04266249	Recruiting	2	ERBB2	ADC
NCT04274426	Recruiting	2	FOLR1	ADC
NCT04294628	Recruiting	1	ERBB2	ADC
NCT04296890	Completed	3	FOLR1	ADC
NCT04296942	Terminated	1	ERBB2	ADC
NCT04298918	Terminated	2	ERBB2	ADC
NCT04300556	Recruiting	2	FOLR1	ADC
NCT04319198	Enrolling by invitation	4	TACSTD2	ADC
NCT04329429	Active, not recruiting	2	ERBB2	ADC
NCT04341181	Recruiting	2	ERBB2	ADC
NCT04343885	Active, not recruiting	2	FOLH1	RPT
NCT04348643	Recruiting	2	CEACAM5	CAR-T
NCT04351230	Withdrawn	2	ERBB2	ADC
NCT04377932	Recruiting	1	GPC3	CAR-T
NCT04379596	Recruiting	2	ERBB2	ADC
NCT04389632	Recruiting	1	ITGB6	ADC
NCT04396340	Terminated	2	SLC34A2	ADC
NCT04398914	Active, not recruiting	2	ERBB2	ADC
NCT04405778	Recruiting	1	GPC3	CAR-T
NCT04410224	Recruiting	1	TPBG	ADC
NCT04419181	Suspended	2	ERBB2	ADC
NCT04419402	Active, not recruiting	2	FOLH1	RPT
NCT04420598	Completed	2	ERBB2	ADC
NCT04420754	Recruiting	1	ICAM1	CAR-T
NCT04424641	Terminated	2	TPBG	BiTE
NCT04430192	Active, not recruiting	2	FOLH1	RPT
NCT04432649	Recruiting	2	CD276	CAR-T
NCT04434040	Active, not recruiting	2	TACSTD2	ADC
NCT04439110	Active, not recruiting	2	ERBB2	ADC
NCT04441099	Terminated	2	ROR1	ADC
NCT04443062	Recruiting	2	FOLH1	RPT
NCT04448886	Recruiting	2	TACSTD2	ADC
NCT04450732	Recruiting	1	ERBB2	ADC
NCT04454437	Active, not recruiting	2	TACSTD2	ADC
NCT04457596	Recruiting	3	ERBB2	ADC
NCT04460456	Active, not recruiting	1	ERBB2	ADC
NCT04467853	Terminated	1	CLDN18	CAR-T
NCT04468061	Recruiting	2	TACSTD2	ADC
NCT04471727	Recruiting	2	DLL3	BiTE
NCT04479436	Terminated	2	ERBB3	ADC
NCT04482309	Active, not recruiting	2	ERBB2	ADC
NCT04483778	Active, not recruiting	1	CD276	CAR-T
NCT04484142	Active, not recruiting	2	TACSTD2	ADC
NCT04486352	Recruiting	2	ERBB2	ADC
NCT04489862	Unknown status	1	MSLN	CAR-T
NCT04492488	Recruiting	2	ERBB2	ADC
NCT04494425	Active, not recruiting	3	ERBB2	ADC
NCT04496674	Terminated	2	FOLH1	BiTE
NCT04501744	Unknown status	1	EPCAM	BiTE
NCT04501770	Not yet recruiting	1	ERBB2	BiTE
NCT04503278	Recruiting	2	CLDN6	CAR-T
NCT04503980	Unknown status	1	MSLN	CAR-T
NCT04504916	Completed	2	ROR1	ADC
NCT04506567	Recruiting	2	FOLH1	RPT
NCT04509557	Completed	1	FOLH1	RPT
NCT04509596	Active, not recruiting	1	ERBB2	ADC
NCT04511871	Recruiting	1	ERBB2	CAR-T
NCT04526691	Active, not recruiting	1	TACSTD2	ADC
NCT04527991	Active, not recruiting	3	TACSTD2	ADC
NCT04529044	Not yet recruiting	2	SSTR2	RPT
NCT04538742	Active, not recruiting	2	ERBB2	ADC
NCT04539938	Active, not recruiting	2	ERBB2	ADC
NCT04551352	Completed	1	TYRP1	BiTE
NCT04553770	Recruiting	2	ERBB2	ADC
NCT04556669	Recruiting	1	CD22	CAR-T
NCT04556773	Active, not recruiting	1	ERBB2	ADC
NCT04559230	Recruiting	2	TACSTD2	ADC
NCT04581473	Recruiting	2	CLDN18	CAR-T
NCT04585958	Recruiting	1	ERBB2	ADC
NCT04589845	Recruiting	2	ERBB2	ADC
NCT04590326	Recruiting	2	MUC16	BiTE
NCT04590781	Terminated	2	SSTR2	BiTE
NCT04591431	Active, not recruiting	2	ERBB2	ADC
NCT04595565	Recruiting	3	TACSTD2	ADC
NCT04597411	Recruiting	1	FOLH1	RPT
NCT04602117	Withdrawn	1	ERBB2	ADC
NCT04606914	Recruiting	2	FOLR1	ADC
NCT04609566	Recruiting	2	TNFRSF8	ADC
NCT04610528	Active, not recruiting	1	ERBB3	ADC
NCT04612751	Recruiting	1	TACSTD2	ADC
NCT04616560	Suspended	2	ERBB2	ADC
NCT04617314	Recruiting	1	MET	ADC
NCT04617522	Recruiting	1	TACSTD2	ADC
NCT04619004	Active, not recruiting	2	ERBB3	ADC
NCT04620187	Recruiting	2	ERBB2	ADC
NCT04622319	Active, not recruiting	3	ERBB2	ADC
NCT04622774	Recruiting	2	ADAM9	ADC
NCT04632992	Active, not recruiting	2	ERBB2	ADC
NCT04639219	Active, not recruiting	2	ERBB2	ADC
NCT04639986	Active, not recruiting	3	TACSTD2	ADC
NCT04644068	Recruiting	2	ERBB2	ADC
NCT04644237	Active, not recruiting	2	ERBB2	ADC
NCT04647526	Active, not recruiting	3	FOLH1	RPT
NCT04647916	Recruiting	2	TACSTD2	ADC
NCT04650451	Suspended	1	ERBB2	CAR-T
NCT04656652	Active, not recruiting	3	TACSTD2	ADC
NCT04660929	Recruiting	1	ERBB2	CAR-M
NCT04662580	Recruiting	2	FOLH1	ADC
NCT04663997	Recruiting	2	FOLH1	RPT
NCT04665739	Recruiting	2	SSTR2	RPT
NCT04675827	Suspended	2	ERBB2	ADC
NCT04676477	Recruiting	1	ERBB3	ADC
NCT04680442	Recruiting	2	ERBB2	ADC
NCT04681131	Recruiting	2	AXL	ADC
NCT04686305	Recruiting	1	ERBB2	ADC
NCT04691713	Unknown status	1	CD276	CAR-T
NCT04695847	Completed	1	EGFR, MUC1	ADC
NCT04697628	Recruiting	3	F3	ADC
NCT04699630	Recruiting	2	ERBB3	ADC
NCT04700124	Active, not recruiting	3	NECTIN4	ADC
NCT04702737	Active, not recruiting	1	DLL3	BiTE
NCT04704661	Recruiting	1	ERBB2	ADC
NCT04704934	Recruiting	3	ERBB2	ADC
NCT04715191	Not yet recruiting	1	GPC3	CAR-T
NCT04724018	Active, not recruiting	1	TACSTD2	ADC
NCT04733118	Recruiting	2	ERBB2	ADC
NCT04739761	Active, not recruiting	3	ERBB2	ADC
NCT04740034	Active, not recruiting	1	FOLH1	BiTE
NCT04740918	Active, not recruiting	3	ERBB2	ADC
NCT04742153	Recruiting	2	ERBB2	ADC
NCT04744831	Active, not recruiting	2	ERBB2	ADC
NCT04752059	Completed	2	ERBB2	ADC
NCT04754191	Recruiting	2	NECTIN4	ADC
NCT04784715	Active, not recruiting	3	ERBB2	ADC
NCT04786847	Recruiting	1	FOLH1	RPT
NCT04826341	Recruiting	2	TACSTD2	ADC
NCT04829604	Recruiting	2	ERBB2	ADC
NCT04837508	Unknown status	2	ERBB2	ADC
NCT04838548	Unknown status	2	EGFR	ADC
NCT04838964	Recruiting	2	EGFR	ADC
NCT04839510	Unknown status	2	ERBB2	ADC
NCT04843709	Recruiting	2	F3	ADC
NCT04847466	Recruiting	2	CD274	CAR-NK
NCT04856475	Withdrawn	2	ERBB2	ADC
NCT04863885	Active, not recruiting	2	TACSTD2	ADC
NCT04864821	Unknown status	1	CD276	CAR-T
NCT04868162	Unknown status	2	EGFR	ADC
NCT04868344	Completed	1	EGFR	ADC
NCT04873362	Recruiting	3	ERBB2	ADC
NCT04876651	Not yet recruiting	3	FOLH1	RPT
NCT04878029	Recruiting	1	NECTIN4	ADC
NCT04879329	Recruiting	2	ERBB2	ADC
NCT04886986	Suspended	2	FOLH1	RPT
NCT04887870	Enrolling by invitation	3	NECTIN4	ADC
NCT04893109	Recruiting	2	ERBB2	ADC
NCT04897321	Recruiting	1	CD276	CAR-T
NCT04907968	Terminated	1	SLC34A2	ADC
NCT04924699	Recruiting	3	ERBB2	ADC
NCT04925284	Recruiting	1	F3	ADC
NCT04927884	Terminated	2	TACSTD2	ADC
NCT04928846	Recruiting	3	MET	ADC
NCT04931342	Recruiting	2	ERBB2	ADC
NCT04939610	Recruiting	2	FAP	RPT
NCT04940325	Recruiting	2	TACSTD2	ADC
NCT04941339	Unknown status	1	ERBB2	ADC
NCT04946370	Recruiting	2	FOLH1	RPT
NCT04958785	Recruiting	2	TACSTD2	ADC
NCT04960709	Recruiting	3	NECTIN4	ADC
NCT04963153	Recruiting	1	NECTIN4	ADC
NCT04965766	Recruiting	2	ERBB3	ADC
NCT04976218	Recruiting	1	EGFR	CAR-T
NCT04981691	Unknown status	1	MSLN	CAR-T
NCT04982224	Recruiting	2	MET	ADC
NCT04983121	Recruiting	2	ERBB2	ADC
NCT04986579	Recruiting	2	TACSTD2	ADC
NCT04989816	Active, not recruiting	2	ERBB2	ADC
NCT04991740	Completed	1	HLA-G	BiTE
NCT04995419	Active, not recruiting	2	NECTIN4	ADC
NCT05006794	Recruiting	1	TACSTD2	ADC
NCT05008510	Withdrawn	2	TACSTD2	ADC
NCT05011188	Recruiting	2	CD46	ADC
NCT05014139	Recruiting	1	NECTIN4	ADC
NCT05016973	Not yet recruiting	2	ERBB2	ADC
NCT05018676	Recruiting	2	ERBB2	ADC
NCT05018702	Recruiting	2	ERBB2	ADC
NCT05034887	Recruiting	2	ERBB2	ADC
NCT05041257	Active, not recruiting	2	FOLR1	ADC
NCT05041972	Withdrawn	2	ERBB2	ADC
NCT05043987	Withdrawn	1	CLDN18	ADC
NCT05048797	Recruiting	3	ERBB2	ADC
NCT05060016	Active, not recruiting	2	DLL3	BiTE
NCT05060276	Withdrawn	1	TACSTD2	ADC
NCT05061550	Recruiting	2	TACSTD2	ADC
NCT05079698	Active, not recruiting	1	FOLH1	RPT
NCT05089266	Recruiting	1	MSLN	CAR-T
NCT05089734	Active, not recruiting	3	TACSTD2	ADC
NCT05091528	Terminated	2	ERBB2	ADC
NCT05097599	Recruiting	2	NECTIN4	ADC
NCT05101096	Recruiting	2	TACSTD2	ADC
NCT05103631	Recruiting	1	GPC3	CAR-T
NCT05103683	Recruiting	1	CLDN6	ADC
NCT05104866	Active, not recruiting	3	TACSTD2	ADC
NCT05109728	Recruiting	1	SSTR2	RPT
NCT05113251	Recruiting	3	ERBB2	ADC
NCT05113459	Not yet recruiting	2	ERBB2	ADC
NCT05113537	Active, not recruiting	2	FOLH1	RPT
NCT05113966	Active, not recruiting	2	TACSTD2	ADC
NCT05114746	Active, not recruiting	2	FOLH1	RPT
NCT05115500	Not yet recruiting	2	ERBB2	ADC
NCT05119907	Recruiting	2	TACSTD2	ADC
NCT05120271	Recruiting	2	GPC3	CAR-T
NCT05123482	Recruiting	2	VTCN1	ADC
NCT05125016	Recruiting	2	FOLH1	BiTE
NCT05126719	Recruiting	2	EGFR	ADC
NCT05134519	Not yet recruiting	2	ERBB2	ADC
NCT05137275	Recruiting	1	TPBG	CAR-NK
NCT05141253	Recruiting	1	MSLN	CAR-T
NCT05141747	Recruiting	2	ERBB2	ADC
NCT05141786	Unknown status	2	ERBB2	ADC
NCT05142696	Recruiting	1	SSTR2	RPT
NCT05143229	Recruiting	1	TACSTD2	ADC
NCT05146973	Recruiting	2	FOLH1	RPT
NCT05150236	Active, not recruiting	2	FOLH1	RPT
NCT05156866	Recruiting	1	CLDN18	ADC
NCT05162573	Unknown status	1	FOLH1	RPT
NCT05164666	Recruiting	1	MSLN	CAR-T
NCT05166070	Recruiting	1	MSLN	CAR-T
NCT05174637	Recruiting	1	TACSTD2	ADC
NCT05180474	Recruiting	2	VTCN1	BiTE
NCT05186974	Active, not recruiting	2	TACSTD2	ADC
NCT05188209	Recruiting	2	EGFR	ADC
NCT05190185	Unknown status	1	CD276	CAR-T
NCT05194072	Recruiting	1	VTCN1	ADC
NCT05194709	Recruiting	1	TPBG	CAR-NK
NCT05194982	Recruiting	1	EGFR, ERBB3	ADC
NCT05198479	Recruiting	2	SSTR2	RPT
NCT05199519	Completed	1	CLDN18	CAR-T
NCT05200364	Recruiting	1	FOLR1	ADC
NCT05204927	Recruiting	3	FOLH1	RPT
NCT05205850	Recruiting	2	CLDN18	ADC
NCT05215340	Recruiting	3	TACSTD2	ADC
NCT05216965	Recruiting	2	NECTIN4	ADC
NCT05219500	Recruiting	2	FOLH1	RPT
NCT05226117	Recruiting	2	TACSTD2	ADC
NCT05230251	Active, not recruiting	2	FOLH1	RPT
NCT05239143	Recruiting	1	MUC1	CAR-T
NCT05239624	Recruiting	2	NECTIN4	ADC
NCT05246514	Active, not recruiting	2	ERBB2	ADC
NCT05262491	Recruiting	1	EGFR, ERBB3	ADC
NCT05263479	Recruiting	1	VTCN1	ADC
NCT05263869	Recruiting	2	ERBB2	ADC
NCT05271604	Recruiting	2	ROR2	ADC
NCT05274048	Suspended	1	ERBB2	ADC
NCT05274451	Recruiting	1	ROR1	CAR-T
NCT05275062	Recruiting	1	CLDN18	CAR-T
NCT05276609	Recruiting	1	CD276	ADC
NCT05279300	Recruiting	1	ROR1	ADC
NCT05280470	Active, not recruiting	2	CD276	ADC
NCT05284968	Not yet recruiting	1	CLDN18	CAR-T
NCT05287165	Recruiting	1	GUCY2C	CAR-T
NCT05288777	Recruiting	3	ERBB2	ADC
NCT05293496	Recruiting	1	CD276	ADC
NCT05302284	Recruiting	3	ERBB2	ADC
NCT05311397	Recruiting	1	ERBB2	ADC
NCT05313906	Not yet recruiting	2	ERBB2	ADC
NCT05320588	Recruiting	2	TACSTD2	ADC
NCT05323045	Recruiting	1	MET	ADC
NCT05323955	Recruiting	2	ERBB2	ADC
NCT05327530	Recruiting	2	TACSTD2	ADC
NCT05329545	Terminated	3	SLC34A2	ADC
NCT05332561	Recruiting	2	TACSTD2	ADC
NCT05333809	Not yet recruiting	2	ERBB2	ADC
NCT05338957	Recruiting	2	ERBB2	ADC
NCT05338970	Active, not recruiting	3	ERBB3	ADC
NCT05340374	Recruiting	2	FOLH1	RPT
NCT05341492	Recruiting	1	EGFR, CD276	CAR-T
NCT05344976	Not yet recruiting	1	MSLN	CAR-T
NCT05346328	Not yet recruiting	2	ERBB2	ADC
NCT05363605	Terminated	2	FGFR3	RPT
NCT05367635	Recruiting	1	CLDN18	ADC
NCT05369000	Recruiting	2	FOLH1	BiTE
NCT05372614	Recruiting	1	ERBB2	ADC
NCT05373147	Recruiting	1	MSLN	CAR-T
NCT05374512	Recruiting	3	TACSTD2	ADC
NCT05383079	Recruiting	2	FOLH1	RPT
NCT05387265	Recruiting	1	EGFR	BiTE
NCT05393427	Recruiting	1	EGFR, ERBB3	ADC
NCT05393986	Recruiting	1	CLDN18	CAR-T
NCT05396300	Recruiting	1	CEACAM5	CAR-T
NCT05408845	Recruiting	2	ERBB2	ADC
NCT05410717	Recruiting	2	CLDN6	CAR-NK
NCT05413850	Recruiting	2	FOLH1	RPT
NCT05415475	Recruiting	1	CEACAM5	CAR-T
NCT05420545	Recruiting	1	CD70	CAR-T
NCT05426486	Recruiting	3	ERBB2	ADC
NCT05432193	Active, not recruiting	1	FAP	RPT
NCT05434234	Recruiting	1	CD276	ADC
NCT05437315	Recruiting	2	FOLH1, GD2	CAR-T
NCT05445778	Recruiting	3	FOLR1	ADC
NCT05451849	Recruiting	2	MSLN	CAR-T
NCT05456685	Recruiting	2	FOLR1	ADC
NCT05458544	Recruiting	2	FOLH1	RPT
NCT05460273	Active, not recruiting	2	TACSTD2	ADC
NCT05464030	Recruiting	1	CEACAM5	ADC
NCT05468190	Recruiting	1	CD70	CAR-T
NCT05470348	Recruiting	1	EGFR, ERBB3	ADC
NCT05472857	Recruiting	1	CLDN18	CAR-T
NCT05477927	Recruiting	1	FLT1, CD274	CAR-T
NCT05483933	Enrolling by invitation	1	FOLR1	ADC
NCT05488353	Not yet recruiting	4	ERBB2	ADC
NCT05489211	Recruiting	2	TACSTD2	ADC
NCT05493683	Recruiting	2	ERBB2	ADC
NCT05495724	Recruiting	2	ERBB2	ADC
NCT05496959	Recruiting	2	FOLH1	RPT
NCT05498597	Recruiting	1	FOLR1	ADC
NCT05511844	Recruiting	1	ERBB2	ADC
NCT05513703	Recruiting	2	MET	ADC
NCT05514158	Recruiting	1	ERBB2	ADC
NCT05515185	Not yet recruiting	1	CD276	CAR-T
NCT05518253	Recruiting	1	CD70	CAR-T
NCT05521412	Recruiting	2	FOLH1	RPT
NCT05525286	Suspended	2	CLDN18	ADC
NCT05527184	Recruiting	1	FOLR1	ADC
NCT05531708	Withdrawn	1	MSLN	CAR-T
NCT05538195	Recruiting	2	CEACAM5	CAR-T
NCT05540483	Recruiting	1	ERBB2	ADC
NCT05547061	Recruiting	2	FOLH1	RPT
NCT05547321	Recruiting	1	FAP	ADC
NCT05555732	Recruiting	3	TACSTD2	ADC
NCT05557708	Not yet recruiting	1	CXCR4	RPT
NCT05564858	Not yet recruiting	1	ERBB2	ADC
NCT05569811	Active, not recruiting	2	ERBB3	ADC
NCT05575804	Active, not recruiting	2	ERBB2	ADC
NCT05577715	Recruiting	2	FOLR1	ADC
NCT05578287	Recruiting	2	ERBB2	ADC
NCT05579184	Recruiting	2	FOLH1	RPT
NCT05579366	Recruiting	2	FOLR1	ADC
NCT05581589	Recruiting	2	TACSTD2	ADC
NCT05583201	Recruiting	1	NKG2D, CLDN18	CAR-T
NCT05584709	Not yet recruiting	1	CD38	ADC
NCT05586061	Not yet recruiting	2	ERBB2	ADC
NCT05601401	Recruiting	2	ERBB2	ADC
NCT05609968	Recruiting	3	TACSTD2	ADC
NCT05613088	Recruiting	2	FOLR1	ADC
NCT05620732	Recruiting	1	CLDN18	CAR-T
NCT05620914	Not yet recruiting	1	ERBB3	ADC
NCT05622890	Recruiting	3	FOLR1	ADC
NCT05627414	Not yet recruiting	2	ERBB2	ADC
NCT05629585	Recruiting	3	TACSTD2	ADC
NCT05631886	Recruiting	1	EPHA2	CAR-DC
NCT05631899	Recruiting	1	EPHA2	CAR-DC
NCT05638828	Not yet recruiting	1	ROR1	CAR-T
NCT05647122	Recruiting	1	EGFR, MET	ADC
NCT05652868	Recruiting	1	MET	ADC
NCT05661357	Active, not recruiting	4	ERBB2	ADC
NCT05672459	Recruiting	2	HLA-G	CAR-T
NCT05681650	Recruiting	2	ERBB2	CAR-T
NCT05686720	Not yet recruiting	1	MSLN	CAR-NK
NCT05687266	Recruiting	3	TACSTD2	ADC
NCT05688605	Recruiting	2	EGFR	ADC
NCT05693844	Recruiting	2	MSLN	CAR-T
NCT05694364	Recruiting	1	ROR1	CAR-T
NCT05701527	Recruiting	1	CEACAM5, CEACAM6	ADC
NCT05703854	Recruiting	2	CD70	CAR-NK
NCT05706129	Recruiting	2	CA9	RPT
NCT05720117	Recruiting	1	FN1	ADC
NCT05720533	Not yet recruiting	2	ERBB2	ADC
NCT05723991	Recruiting	4	ERBB2	ADC
NCT05726175	Not yet recruiting	2	ERBB2	ADC
NCT05735496	Not yet recruiting	1	ERBB2	ADC
NCT05736731	Recruiting	2	CEACAM5, HLA-A	CAR-T
NCT05739942	Not yet recruiting	1	GRPR	RPT
NCT05745454	Not yet recruiting	1	ERBB2	CAR-T
NCT05748938	Recruiting	2	ROR1	CAR-T
NCT05751512	Not yet recruiting	3	EGFR	ADC
NCT05754853	Recruiting	3	ERBB2	ADC
NCT05756569	Recruiting	2	NECTIN4	ADC
NCT05773937	Recruiting	1	NECTIN4	ADC
NCT05775471	Not yet recruiting	2	NECTIN4	ADC
NCT05775666	Not yet recruiting	1	MSLN	CAR-T
NCT05779917	Recruiting	1	MSLN	CAR-T
NCT05783089	Not yet recruiting	1	MSLN	CAR-T
NCT05785039	Recruiting	2	EGFR, ERBB3	ADC
NCT05795595	Recruiting	2	CD70	CAR-T
NCT05797168	Recruiting	2	FOLR1	ADC
NCT05803018	Recruiting	2	EGFR, ERBB3	ADC
NCT05812326	Completed	2	MUC1	CAR-T
NCT05824325	Active, not recruiting	2	ERBB2	ADC
NCT05830123	Recruiting	2	CD276	ADC
NCT05831878	Recruiting	1	ERBB2	ADC
NCT05837299	Recruiting	1	CLDN18	CAR-T
NCT05837806	Recruiting	2	ERBB2	ADC
NCT05838521	Recruiting	2	TACSTD2	ADC
NCT05845502	Not yet recruiting	1	GPC3	CAR-NK
NCT05847764	Not yet recruiting	2	ERBB2	ADC
NCT05848999	Recruiting	1	MSLN	CAR-T
NCT05856643	Not yet recruiting	1	MSLN	CAR-NK
NCT05861635	Recruiting	4	ERBB2	ADC
NCT05865990	Not yet recruiting	2	ERBB3	ADC
NCT05866354	Completed	1	F3	ADC
NCT05866432	Recruiting	2	TACSTD2	ADC
NCT05867563	Recruiting	1	CLDN18	ADC
NCT05868226	Recruiting	1	ERBB2	ADC
NCT05870579	Recruiting	1	GRPR	RPT
NCT05870748	Recruiting	2	FOLR1	ADC
NCT05872295	Recruiting	1	ERBB2	ADC
NCT05875168	Recruiting	2	MUC1	ADC
NCT05875402	Recruiting	1	GUCY2C	CAR-T
NCT05880706	Recruiting	2	EGFR, ERBB3	ADC
NCT05887609	Recruiting	2	FOLR1	ADC
NCT05904964	Recruiting	3	ERBB2	ADC
NCT05911295	Recruiting	3	ERBB2	ADC
NCT05912205	Not yet recruiting	2	ERBB2	ADC
NCT05914545	Not yet recruiting	1	TACSTD2	ADC
NCT05922930	Recruiting	2	TACSTD2	CAR-NK
NCT05941507	Recruiting	2	TACSTD2	ADC
NCT05944185	Not yet recruiting	2	MSLN	CAR-T
NCT05947487	Recruiting	2	CD70	CAR-T
NCT05948865	Recruiting	1	EGFR	ADC
NCT05952375	Recruiting	1	CLDN18	CAR-T
NCT05963386	Recruiting	1	FAP	RPT
NCT05980416	Recruiting	1	CLDN18	ADC
NCT05981235	Not yet recruiting	1	CLDN18	CAR-T
NCT05983198	Recruiting	2	FOLH1	RPT
NCT06003231	Recruiting	2	ERBB2	ADC
NCT06006390	Recruiting	2	CEACAM5	CAR-T
NCT06007729	Not yet recruiting	2	CD276	ADC
NCT06008379	Recruiting	2	CD276	ADC
NCT06010862	Recruiting	1	CEACAM5	CAR-T
NCT06010875	Recruiting	1	CD70	CAR-T
NCT06013111	Not yet recruiting	1	CEACAM5	CAR-T
NCT06014658	Recruiting	1	EPHA5	ADC
NCT06036121	Recruiting	1	NECTIN4	ADC
NCT06038396	Recruiting	2	CLDN18	ADC
NCT06043466	Recruiting	1	CEACAM5	CAR-T
NCT06049212	Recruiting	1	TACSTD2	ADC
NCT06051695	Not yet recruiting	2	MSLN, HLA-A	CAR-T
NCT06057922	Recruiting	2	CD276	ADC
NCT06066424	Recruiting	1	TACSTD2	CAR-NK
NCT06084286	Not yet recruiting	1	CLDN18, CD274	CAR-T
NCT06084481	Recruiting	1	MET	ADC
NCT06101082	Not yet recruiting	1	ERBB2	CAR-T
NCT06107686	Not yet recruiting	2	ERBB3	ADC
